time_delay_ps,power_initial_w,power_1z0_w,power_3z0_w
-10.0,8.2446144557674e-08,2.9561298243261784e-07,4.693311780301911e-07
-9.960937499999998,8.914553746719641e-08,2.9676036868406124e-07,4.6967320814971073e-07
-9.921875,9.638930835073552e-08,2.99626535316213e-07,4.6998310049395256e-07
-9.882812499999998,1.0422169216803053e-07,3.02646689080751e-07,4.703408375077756e-07
-9.84375,1.126905183145156e-07,3.068018933846688e-07,4.7126362161254565e-07
-9.8046875,1.2184750269726118e-07,3.120630325278495e-07,4.7538319330073847e-07
-9.765625,1.3174856354435904e-07,3.170866955371614e-07,4.803598443845048e-07
-9.7265625,1.4245416287628125e-07,3.2312970591327203e-07,4.864719148863535e-07
-9.687499999999998,1.5402967572444816e-07,3.296789131411692e-07,4.945010103608243e-07
-9.6484375,1.665457893516775e-07,3.361609416113202e-07,5.035537630585956e-07
-9.609375,1.800789349124127e-07,3.442945214343718e-07,5.145163559009138e-07
-9.5703125,1.947117541886946e-07,3.5297390220182814e-07,5.267977293376981e-07
-9.53125,2.1053360425207268e-07,3.6244277196125645e-07,5.407325939804764e-07
-9.492187499999998,2.276411031332222e-07,3.7444231633274175e-07,5.566771696867784e-07
-9.453125,2.461387198314587e-07,3.891164300353488e-07,5.734815839022136e-07
-9.414062499999998,2.661394122671279e-07,4.055950144479541e-07,5.935391441475974e-07
-9.375,2.877653170725714e-07,4.225681678355123e-07,6.150692914577185e-07
-9.3359375,3.1114849543398424e-07,4.419629403042555e-07,6.368516771251424e-07
-9.296875,3.36431739538713e-07,4.622310689528735e-07,6.611555765401714e-07
-9.2578125,3.63769444552664e-07,4.835784400571114e-07,6.889645869380557e-07
-9.218749999999998,3.933285514526478e-07,5.075156191543519e-07,7.211985346015516e-07
-9.1796875,4.2528956647116105e-07,5.326685107042698e-07,7.572979577139891e-07
-9.140625,4.5984766337898697e-07,5.594016932227591e-07,7.968789800562385e-07
-9.1015625,4.972138753367776e-07,5.895773387428369e-07,8.375735632942482e-07
-9.0625,5.376163835938316e-07,6.211292875732764e-07,8.813830878404778e-07
-9.023437499999998,5.813019109036264e-07,6.569768097073535e-07,9.307267144439262e-07
-8.984375,6.285372281651319e-07,6.976846636178712e-07,9.830297588015728e-07
-8.945312499999998,6.796107834904202e-07,7.44114908499588e-07,1.0401932781531086e-06
-8.90625,7.348344636465623e-07,7.94236231397221e-07,1.1020859251430464e-06
-8.8671875,7.945454986283161e-07,8.481079426644935e-07,1.1688580245747476e-06
-8.828125,8.591085209920248e-07,9.072779699637358e-07,1.2414389956197723e-06
-8.7890625,9.289177925262698e-07,9.693307388428076e-07,1.3191260223891362e-06
-8.749999999999998,1.0043996118566644e-06,1.0374362561465346e-06,1.4043849593119335e-06
-8.7109375,1.0860149176870272e-06,1.1123120371283916e-06,1.4950615933678709e-06
-8.671875,1.1742621035739571e-06,1.1915285875095255e-06,1.5929558008021555e-06
-8.6328125,1.2696800614233596e-06,1.276959645633889e-06,1.7015255854884518e-06
-8.59375,1.3728514722944318e-06,1.3693667239254371e-06,1.81576155720579e-06
-8.554687499999998,1.4844063646066278e-06,1.467781475914338e-06,1.9361775391022387e-06
-8.515625,1.6050259614780765e-06,1.5776631753098043e-06,2.0639226447813263e-06
-8.476562499999998,1.7354468406896453e-06,1.6966768665073983e-06,2.200507802505998e-06
-8.4375,1.8764654326776201e-06,1.8289395084497012e-06,2.3451166663588653e-06
-8.3984375,2.0289428840225136e-06,1.969545025661941e-06,2.49812251357496e-06
-8.359375,2.1938103161331174e-06,2.1225688052802214e-06,2.660587766243887e-06
-8.3203125,2.372074511238377e-06,2.2858915050714057e-06,2.839863259940073e-06
-8.281249999999998,2.56482406040893e-06,2.4621287156412867e-06,3.032497760492872e-06
-8.2421875,2.773236011151511e-06,2.656277160870087e-06,3.239397280967223e-06
-8.203125,2.9985830551703036e-06,2.868982764232206e-06,3.4643812346799927e-06
-8.1640625,3.2422413001873353e-06,3.096334199210032e-06,3.706170789804343e-06
-8.125,3.5056986732811606e-06,3.3437803697967805e-06,3.968907091300117e-06
-8.085937499999998,3.790564007058979e-06,3.609814421933404e-06,4.251397578429103e-06
-8.046875,4.0985768641470855e-06,3.901212229180999e-06,4.55807858126074e-06
-8.007812499999998,4.431618159993421e-06,4.218577123270976e-06,4.889181984095597e-06
-7.96875,4.7917216488500196e-06,4.562980666800744e-06,5.2454409153667145e-06
-7.929687499999999,5.181086343075034e-06,4.940753573150789e-06,5.635344961227931e-06
-7.890625,5.602089941592416e-06,5.348205149854252e-06,6.051635257223285e-06
-7.851562499999999,6.057303349510184e-06,5.7904808431958424e-06,6.4985022481242515e-06
-7.812499999999999,6.549506377560697e-06,6.266417980581796e-06,6.985027944700556e-06
-7.7734375,7.081704717231092e-06,6.7877118014530645e-06,7.5169721722064216e-06
-7.734374999999999,7.657148295241863e-06,7.358213710462325e-06,8.09793845127995e-06
-7.6953125,8.279351119453413e-06,7.980550815114748e-06,8.731839316410818e-06
-7.656249999999999,8.952112737388854e-06,8.65050731889204e-06,9.420322408398732e-06
-7.617187499999999,9.679541438406644e-06,9.376203837365122e-06,1.01584195564828e-05
-7.578125,1.046607934120495e-05,1.016066725182913e-05,1.0950969766138383e-05
-7.539062499999999,1.1316529519851344e-05,1.1014710730287632e-05,1.1814365302984379e-05
-7.5,1.2236085333978091e-05,1.1930102859198419e-05,1.2742287226772746e-05
-7.460937499999999,1.3230362142243768e-05,1.2921383590759122e-05,1.3746405161571799e-05
-7.421875,1.4305431592711813e-05,1.3996197593293852e-05,1.4830896901359714e-05
-7.382812499999999,1.5467858699533852e-05,1.5158631218276942e-05,1.600167867558858e-05
-7.343749999999999,1.6724741932335868e-05,1.6410669470936397e-05,1.72675426943707e-05
-7.3046875,1.8083756563102334e-05,1.7770142645908158e-05,1.8633664081609055e-05
-7.265625,1.9553201535242448e-05,1.9245943860501458e-05,2.0115162159209163e-05
-7.226562499999999,2.1142050141027003e-05,2.0848374833262472e-05,2.170789923021607e-05
-7.187499999999999,2.2860004816838546e-05,2.258798871839678e-05,2.3438974348041016e-05
-7.148437499999999,2.4717556390818337e-05,2.4464233686498566e-05,2.531141266474188e-05
-7.109375,2.6726048144676557e-05,2.6492873596130853e-05,2.7322343190343508e-05
-7.0703125,2.8897745080826502e-05,2.869197163463143e-05,2.949221903050859e-05
-7.03125,3.124590881778175e-05,3.1059999845674626e-05,3.1839103108753596e-05
-6.992187499999999,3.378487857111739e-05,3.3606253491909765e-05,3.4380384047430846e-05
-6.953124999999999,3.6530158714448896e-05,3.635301073368008e-05,3.712668614314261e-05
-6.914062499999999,3.9498513455053235e-05,3.933250424824841e-05,4.008798748504403e-05
-6.875,4.270806920218914e-05,4.2547622181240886e-05,4.327258400650784e-05
-6.8359375,4.617842525313459e-05,4.602905710504937e-05,4.6726208994859484e-05
-6.796875,4.993077347273658e-05,4.980396034573839e-05,5.046351289251761e-05
-6.757812499999999,5.3988027697164446e-05,5.3878323058095034e-05,5.4493129607415696e-05
-6.718749999999999,5.837496365191738e-05,5.828904294584451e-05,5.885732036129055e-05
-6.679687499999999,6.31183702383148e-05,6.307483444105984e-05,6.35663000082184e-05
-6.640625,6.82472131120869e-05,6.824194288940734e-05,6.866207577654998e-05
-6.6015625,7.379281155270559e-05,7.38461173343716e-05,7.416140907375767e-05
-6.5625,7.97890297032158e-05,7.989600798016916e-05,8.011254046972367e-05
-6.523437499999999,8.627248334802456e-05,8.642792192319361e-05,8.653238536002555e-05
-6.484374999999999,9.32827634909277e-05,9.347658412243275e-05,9.348036192868263e-05
-6.445312499999999,0.00010086267809817769,0.00010108885749425033,0.0001009906630489584
-6.40625,0.00010905851348223175,0.00010933429433319423,0.00010908329711054499
-6.3671875,0.00011792031692165958,0.00011824489454030086,0.00011784547136483315
-6.328125,0.00012750220224225868,0.0001279006452959263,0.00012733920538133653
-6.289062499999999,0.0001378626802244966,0.00013832095007550377,0.00013762732243323623
-6.249999999999999,0.00014906501585384857,0.00014956094191075287,0.00014876431421961806
-6.210937499999999,0.0001611776145943345,0.00016170732298548558,0.00016083633407434775
-6.171875,0.00017427444004256747,0.0001748565106932293,0.00017391580198537575
-6.1328125,0.00018843546551100226,0.00018906806800139127,0.0001880650637724086
-6.09375,0.00020374716229597307,0.00020443794047292124,0.0002033273803122989
-6.054687499999999,0.00022030302760976973,0.00022102653603130282,0.00021986066889229366
-6.015624999999999,0.00023820415539781224,0.00023899496106881868,0.00023772759442258957
-5.9765625,0.0002575598535233948,0.00025840360035733236,0.00025705218882794765
-5.9375,0.00027848831108505113,0.00027937506184521135,0.00027794873939727705
-5.8984375,0.0003011173199370854,0.00030204430544910574,0.0003005466270210639
-5.859375,0.00032558505481405903,0.00032656713351116555,0.00032498315948669337
-5.820312499999999,0.00035204091681698797,0.0003530439619161728,0.00035141089344357495
-5.781249999999999,0.00038064644540489895,0.000381644556656641,0.00037998360151594233
-5.7421875,0.0004115763044525145,0.0004125302280483334,0.00041087011208265357
-5.703125,0.0004450193483856967,0.0004458833763970224,0.0004443062095531032
-5.6640625,0.00048117977489362,0.00048195777766377895,0.00048040273134162463
-5.625,0.0005202783712434036,0.0005209388724513009,0.0005194209596740967
-5.585937499999999,0.0005625538617922335,0.0005630586153540131,0.0005616358045402838
-5.546874999999999,0.0006082643649073231,0.0006086463914749995,0.0006073372276119728
-5.5078125,0.0006576889681690868,0.0006579812992282626,0.0006568061220321523
-5.46875,0.0007111294314515339,0.0007113631994495887,0.0007103495324434843
-5.4296875,0.0007689120282505695,0.0007690230955471283,0.0007682668518530172
-5.390625,0.0008313895364701484,0.0008314020498328993,0.0008308300588463012
-5.351562499999999,0.0008989433907830804,0.0008987967824667493,0.000898440167137472
-5.312499999999999,0.0009719860096631786,0.000971662896174415,0.0009716063374181225
-5.2734375,0.0010509633112441765,0.0010505134028068249,0.0010506598582472482
-5.234375,0.0011363574333046206,0.0011357889925065654,0.0011361639018873434
-5.1953125,0.0012286896739136172,0.001227929752629535,0.0012285919062649288
-5.15625,0.0013285236706071643,0.001327592651043696,0.001328525134062126
-5.117187499999999,0.0014364688374065365,0.0014353040462235268,0.0014365649657584626
-5.078124999999999,0.0015531840805474172,0.0015518647373151165,0.0015533826015735896
-5.0390625,0.001679381815470232,0.001677869066539566,0.0016796558820963829
-5.0,0.0018158323094380666,0.0018141465919644867,0.0018162441639375726
-4.9609375,0.001963368376109404,0.0019615567453025243,0.0019638139380092168
-4.921875,0.0021228904505097954,0.0021209455044582277,0.0021234228278897375
-4.8828125,0.0022953720751316916,0.0022932608181123002,0.002296089323569357
-4.843749999999999,0.0024818658303580343,0.0024796176326305,0.002482777277410169
-4.8046875,0.002683509745066807,0.0026812280729857315,0.0026845618633390034
-4.765625,0.0029015342261457296,0.002899302509130311,0.0029026646025654785
-4.7265625,0.003137269548744167,0.0031352196912759044,0.0031384243974509033
-4.6875,0.003392153952431301,0.0033902829792750487,0.003393398056565182
-4.6484375,0.0036677423920329,0.003666074530976468,0.003669221467176829
-4.609374999999999,0.003965715995804229,0.00396437997151317,0.003967365587796214
-4.5703125,0.0042878922877841626,0.004286820660415243,0.004289677242107109
-4.53125,0.0046362362356882495,0.00463533685804002,0.004638239478942533
-4.4921875,0.00501287219055924,0.005011995669819669,0.0050150400038016275
-4.453125,0.005420096789629262,0.005419374343552101,0.005422490103306363
-4.4140625,0.005860392899483419,0.005859792112598435,0.005862981920403992
-4.374999999999999,0.00633644468268011,0.006336033148546974,0.006339242611710367
-4.3359375,0.006851153877507761,0.006851022480501317,0.006854187530649725
-4.296875,0.007407657387573707,0.007407662171764528,0.007410857393333162
-4.2578125,0.008009346285460154,0.008009346793240345,0.008012845254936726
-4.21875,0.008659886342782334,0.008660025935821637,0.0086635487029801
-4.1796875,0.009363240207678012,0.009363497224533196,0.009366985801060145
-4.140624999999999,0.010123691360086647,0.01012414037381007,0.01012778418738511
-4.1015625,0.010945869985177504,0.01094637782425499,0.010950441473326154
-4.0625,0.011834780916001519,0.011835336980276428,0.01183992400080763
-4.0234375,0.012795833807909916,0.012796586867812581,0.012801594839714124
-3.984375,0.013834875719549824,0.013835646452906745,0.013841427565092398
-3.9453125,0.014958226288350552,0.01495898507400764,0.014965876605646309
-3.9062499999999996,0.01617271570239939,0.016173537786298344,0.016181781805382028
-3.8671874999999996,0.017485725685511305,0.017486573295259822,0.017496019181219537
-3.8281249999999996,0.01890523372816261,0.01890581801341959,0.018917012597388795
-3.7890625,0.02043986081382006,0.020440143230712644,0.020453323660644573
-3.75,0.02209892290808642,0.022098578982605737,0.02211416275558725
-3.7109375,0.023892486497028433,0.023891346112639537,0.02390979448869278
-3.6718749999999996,0.025831428481071617,0.025829581697233563,0.025850969637115456
-3.6328125,0.027927500751949566,0.027924567074915172,0.02794958496283724
-3.5937499999999996,0.030193399802382732,0.030189641334973327,0.030218202623434876
-3.5546875,0.032642841741413346,0.032638374639266006,0.03267087946736919
-3.515625,0.03529064311261035,0.035285915777559684,0.03532194176313908
-3.4765624999999996,0.0381528079376167,0.03814783753450233,0.03818791026337889
-3.4375,0.041246621433663186,0.04124134601049796,0.041286241958340485
-3.3984375,0.04459075088059672,0.04458516292017918,0.04463493453841952
-3.3593749999999996,0.048205354140507646,0.04819932514216271,0.04825410055369289
-3.3203125,0.05211219636099007,0.052106290304562854,0.052165505556930766
-3.28125,0.056334775421161616,0.056329605779852854,0.05639271737399149
-3.2421874999999996,0.06089845670747534,0.06089441838725686,0.06096086691749
-3.203125,0.06583061783366854,0.06582761840390165,0.06589721527807822
-3.1640625,0.07116080394539744,0.07115909134949629,0.0712318082882295
-3.1249999999999996,0.0769208942745844,0.07692089978037321,0.07699727830210222
-3.0859375,0.0831452806305111,0.08314707475619638,0.0832267416069826
-3.046875,0.08987105853331259,0.08987399201761614,0.0899582288402926
-3.0078124999999996,0.09713823170967976,0.09714220306994736,0.09723124050856612
-2.96875,0.10498993067897981,0.10499557261436421,0.10508915772534255
-2.9296875,0.11347264615910431,0.11347987131623166,0.11357837045551458
-2.8906249999999996,0.122636478013346,0.1226456704958123,0.12274910685091285
-2.8515625,0.1325354004403615,0.13254724051365283,0.13265508815667465
-2.8125,0.14322754407627605,0.1432415438373807,0.14335504770233243
-2.7734374999999996,0.15477549562831588,0.15479150465500818,0.15491075836802687
-2.734375,0.16724661558960535,0.16726542976243444,0.16738998660952634
-2.6953125,0.18071337449099015,0.18073506717740206,0.1808663121004829
-2.6562499999999996,0.19525370802337239,0.19527889698740852,0.19541612823578774
-2.6171875,0.2109513912078383,0.2109796339383966,0.21112297330338184
-2.578125,0.22789643159478,0.22792807166871842,0.22807652006914966
-2.5390624999999996,0.2461854812303961,0.24622148061726196,0.24637331564956796
-2.5,0.2659222668316062,0.26596195027626535,0.26611695006905756
-2.4609375,0.2872180372496852,0.28726173570271396,0.2874186912490393
-2.4218749999999996,0.3101920268688842,0.3102403277409912,0.31039937051883154
-2.3828125,0.33497193306789447,0.33502488399110536,0.33518704265756644
-2.34375,0.3616944052568684,0.36175117987650063,0.36191612577472326
-2.3046874999999996,0.390505542277283,0.3905667195323209,0.39073481771972246
-2.265625,0.42156139410142734,0.4216258658361655,0.42179784061680076
-2.2265625,0.4550284627766871,0.45509609386024835,0.4552723413811071
-2.1874999999999996,0.49108419641001266,0.49115533651133175,0.49133564780853944
-2.1484375,0.5299174686621329,0.5299911925798456,0.530176455147977
-2.109375,0.5717290347007085,0.5718072118460363,0.5719957687759336
-2.0703124999999996,0.6167319528282317,0.6168146481961867,0.6170059323192283
-2.03125,0.6651519590362253,0.6652408607724244,0.6654333853054484
-1.9921875,0.717227779525716,0.7173237056729884,0.7175172411187656
-1.9531249999999998,0.7732113637613062,0.7733141083702669,0.7735060864311255
-1.9140624999999998,0.8333680178829167,0.8334774348639534,0.8336679872744853
-1.875,0.8979764152817387,0.8980929125485145,0.8982824573242303
-1.8359374999999998,0.9673284578599897,0.967454546033883,0.9676425718461478
-1.7968749999999998,1.0417289579537765,1.041866166859198,1.0420523673268038
-1.7578125,1.1214951071354677,1.121646216201916,1.121830189448662
-1.71875,1.2069556941759787,1.2071196138527438,1.2073026898599073
-1.6796874999999998,1.2984500304114255,1.2986282584295632,1.2988062891201515
-1.640625,1.3963265367245143,1.3965196988520499,1.396689892456821
-1.6015625,1.5009409424557327,1.5011468713573897,1.5013125840873855
-1.5624999999999998,1.6126540429807885,1.6128705317067442,1.6130299190465476
-1.5234375,1.731828959654863,1.7320526821801339,1.7322089996067538
-1.484375,1.8588278436112586,1.8590593062392613,1.8592079700515158
-1.4453124999999998,1.9940079638521966,1.9942456273162161,1.9943871081364335
-1.40625,2.1377171205879315,2.1379612460090622,2.138090770093257
-1.3671875,2.2902883273379855,2.29053630479455,2.290654671379749
-1.3281249999999998,2.4520337104415377,2.4522794572681685,2.4523870262392515
-1.2890625,2.623237582927165,2.623475686260835,2.6235752941510224
-1.25,2.804148661804326,2.80437570582481,2.8044671512094426
-1.2109374999999998,2.9949714144216495,2.9951864496179668,2.9952622559500806
-1.171875,3.1958565412415476,3.1960537399719637,3.196113964469062
-1.1328125,3.4068906298012847,3.407067425696671,3.4071125656892622
-1.0937499999999998,3.6280850482457403,3.6282414202773126,3.628270127552268
-1.0546875,3.859364186913466,3.859502357404279,3.8595125468528346
-1.015625,4.100553203039637,4.100670528220464,4.100663662533594
-0.9765624999999999,4.351365476327445,4.351457726489941,4.351435953305362
-0.9375,4.611390041057728,4.6114556776086095,4.611410540528553
-0.8984374999999999,4.880079322071605,4.880112730077804,4.880047290623174
-0.859375,5.156737565180444,5.1567401927400764,5.156651845635023
-0.8203125,5.44051041435314,5.440487243650564,5.440365825714801
-0.7812499999999999,5.730376144604878,5.730328711798749,5.730172273797475
-0.7421875,6.025139106277648,6.025065000795811,6.0248740699391945
-0.703125,6.323425968101761,6.323324850840813,6.323098784781543
-0.6640624999999999,6.623685357347892,6.623560566919775,6.623297129651982
-0.625,6.924191479699883,6.924042444772123,6.923741772465871
-0.5859375,7.22305225373063,7.222873688309982,7.222545153457965
-0.5468749999999999,7.5182224105095345,7.518010508801844,7.517660275381836
-0.5078125,7.807521884961378,7.807282235035538,7.80690476268188
-0.46875,8.088659661463137,8.088393418999715,8.088000462369719
-0.4296875,8.359263034059795,8.358973525712372,8.358566755737971
-0.39062499999999994,8.616912007286249,8.616605231691105,8.616179916880414
-0.3515625,8.859178306280816,8.858849543439023,8.85840895238248
-0.3125,9.083668197676817,9.08331330886956,9.082861267212726
-0.27343749999999994,9.288068061816364,9.28769008802872,9.287222797809411
-0.234375,9.47019142050852,9.469795081777457,9.4693138283758
-0.19531249999999997,9.628025932060213,9.627612060567264,9.627127990109553
-0.15625,9.75977873498871,9.75934689508075,9.758863880355923
-0.1171875,9.86391846927205,9.86347412926397,9.862987570801682
-0.078125,9.939212340192613,9.938766498192482,9.938274077529595
-0.0390625,9.984756719569715,9.984311456891534,9.983810891935972
0.0,10.000000000000002,9.999552633215865,9.999054496062186
0.0390625,9.984756719569715,9.984311456891525,9.98381089193585
0.078125,9.939212340192613,9.938766498192487,9.93827407752942
0.1171875,9.86391846927205,9.863474129263912,9.862987570801396
0.15625,9.75977873498871,9.759346895080675,9.758863880355532
0.19531249999999997,9.628025932060213,9.627612060567177,9.627127990109063
0.234375,9.47019142050852,9.469795081777361,9.469313828375256
0.27343749999999994,9.288068061816364,9.287690088028581,9.287222797808765
0.3125,9.083668197676817,9.083313308869412,9.082861267211989
0.3515625,8.859178306280816,8.858849543438888,8.858408952381717
0.39062499999999994,8.616912007286249,8.616605231690961,8.6161799168795
0.4296875,8.359263034059795,8.358973525712207,8.358566755737067
0.46875,8.088659661463137,8.088393418999532,8.08800046236878
0.5078125,7.807521884961378,7.80728223503537,7.806904762680919
0.5468749999999999,7.5182224105095345,7.5180105088016616,7.517660275380818
0.5859375,7.22305225373063,7.222873688309798,7.222545153456925
0.625,6.924191479699883,6.924042444771938,6.923741772464847
0.6640624999999999,6.623685357347892,6.623560566919608,6.62329712965093
0.703125,6.323425968101761,6.323324850840644,6.3230987847805
0.7421875,6.025139106277648,6.025065000795608,6.024874069938174
0.7812499999999999,5.730376144604878,5.730328711798568,5.730172273796465
0.8203125,5.44051041435314,5.440487243650404,5.440365825713846
0.859375,5.156737565180444,5.156740192739901,5.1566518456340615
0.8984374999999999,4.880079322071605,4.880112730077642,4.88004729062225
0.9375,4.611390041057728,4.611455677608471,4.611410540527624
0.9765624999999999,4.351365476327445,4.351457726489801,4.3514359533044855
1.015625,4.100553203039637,4.1006705282203235,4.100663662532715
1.0546875,3.859364186913466,3.859502357404144,3.8595125468520033
1.0937499999999998,3.6280850482457403,3.6282414202771833,3.628270127551495
1.1328125,3.4068906298012847,3.4070674256965385,3.407112565688525
1.171875,3.1958565412415476,3.1960537399718327,3.196113964468332
1.2109374999999998,2.9949714144216495,2.995186449617853,2.995262255949402
1.25,2.804148661804326,2.8043757058247007,2.804467151208791
1.2890625,2.623237582927165,2.6234756862607203,2.6235752941504202
1.3281249999999998,2.4520337104415377,2.4522794572680846,2.4523870262386724
1.3671875,2.2902883273379855,2.2905363047944585,2.2906546713791993
1.40625,2.1377171205879315,2.137961246008974,2.1380907700927523
1.4453124999999998,1.9940079638521966,1.9942456273161313,1.9943871081359694
1.484375,1.8588278436112586,1.859059306239185,1.859207970051072
1.5234375,1.731828959654863,1.7320526821800608,1.7322089996063108
1.5624999999999998,1.6126540429807885,1.6128705317066792,1.6130299190461352
1.6015625,1.5009409424557327,1.501146871357327,1.5013125840870047
1.640625,1.3963265367245143,1.3965196988519817,1.396689892456465
1.6796874999999998,1.2984500304114255,1.2986282584295028,1.2988062891198189
1.71875,1.2069556941759787,1.2071196138526883,1.2073026898596066
1.7578125,1.1214951071354677,1.1216462162018663,1.1218301894483853
1.7968749999999998,1.0417289579537765,1.0418661668591465,1.0420523673265443
1.8359374999999998,0.9673284578599897,0.9674545460338291,0.9676425718458935
1.875,0.8979764152817387,0.8980929125484715,0.8982824573239833
1.9140624999999998,0.8333680178829167,0.8334774348639168,0.8336679872742697
1.9531249999999998,0.7732113637613062,0.7733141083702402,0.7735060864309307
1.9921875,0.717227779525716,0.7173237056729497,0.7175172411185748
2.03125,0.6651519590362253,0.6652408607723949,0.6654333853052788
2.0703124999999996,0.6167319528282317,0.6168146481961501,0.6170059323190732
2.109375,0.5717290347007085,0.5718072118460105,0.571995768775788
2.1484375,0.5299174686621329,0.5299911925798141,0.5301764551478426
2.1874999999999996,0.49108419641001266,0.4911553365113159,0.4913356478083942
2.2265625,0.4550284627766871,0.4550960938602238,0.45527234138099054
2.265625,0.42156139410142734,0.4216258658361462,0.42179784061669173
2.3046874999999996,0.390505542277283,0.39056671953230215,0.39073481771961965
2.34375,0.3616944052568684,0.3617511798764805,0.3619161257746235
2.3828125,0.33497193306789447,0.335024883991087,0.3351870426574729
2.4218749999999996,0.3101920268688842,0.310240327740974,0.3103993705187376
2.4609375,0.2872180372496852,0.28726173570269503,0.28741869124895725
2.5,0.2659222668316062,0.2659619502762509,0.26611695006898206
2.5390624999999996,0.2461854812303961,0.2462214806172477,0.24637331564949935
2.578125,0.22789643159478,0.22792807166870616,0.22807652006909415
2.6171875,0.2109513912078383,0.21097963393838148,0.21112297330332425
2.6562499999999996,0.19525370802337239,0.19527889698739978,0.19541612823573604
2.6953125,0.18071337449099015,0.1807350671773896,0.18086631210043058
2.734375,0.16724661558960535,0.16726542976242287,0.16738998660948118
2.7734374999999996,0.15477549562831588,0.15479150465499594,0.15491075836798343
2.8125,0.14322754407627605,0.14324154383737342,0.14335504770228627
2.8515625,0.1325354004403615,0.13254724051364497,0.13265508815663446
2.8906249999999996,0.122636478013346,0.12264567049580406,0.12274910685087403
2.9296875,0.11347264615910431,0.11347987131622123,0.11357837045547922
2.96875,0.10498993067897981,0.10499557261435731,0.10508915772531258
3.0078124999999996,0.09713823170967976,0.09714220306993944,0.09723124050853499
3.046875,0.08987105853331259,0.08987399201761062,0.08995822884026293
3.0859375,0.0831452806305111,0.08314707475618739,0.08322674160695358
3.1249999999999996,0.0769208942745844,0.07692089978036705,0.07699727830207638
3.1640625,0.07116080394539744,0.07115909134949006,0.07123180828820418
3.203125,0.06583061783366854,0.06582761840389748,0.0658972152780554
3.2421874999999996,0.06089845670747534,0.06089441838725039,0.06096086691746866
3.28125,0.056334775421161616,0.05632960577984869,0.05639271737397271
3.3203125,0.05211219636099007,0.05210629030455885,0.05216550555691107
3.3593749999999996,0.048205354140507646,0.04819932514215922,0.048254100553673136
3.3984375,0.04459075088059672,0.04458516292017488,0.04463493453840018
3.4375,0.041246621433663186,0.0412413460104953,0.04128624195832262
3.4765624999999996,0.0381528079376167,0.03814783753449963,0.03818791026336254
3.515625,0.03529064311261035,0.03528591577755823,0.03532194176312396
3.5546875,0.032642841741413346,0.03263837463926288,0.03267087946735498
3.5937499999999996,0.030193399802382732,0.030189641334971137,0.030218202623422938
3.6328125,0.027927500751949566,0.027924567074912966,0.02794958496282371
3.6718749999999996,0.025831428481071617,0.02582958169723261,0.025850969637101328
3.7109375,0.023892486497028433,0.023891346112636526,0.0239097944886815
3.75,0.02209892290808642,0.02209857898260389,0.022114162755576185
3.7890625,0.02043986081382006,0.020440143230710722,0.02045332366063276
3.8281249999999996,0.01890523372816261,0.018905818013419017,0.01891701259737839
3.8671874999999996,0.017485725685511305,0.017486573295257664,0.01749601918121046
3.9062499999999996,0.01617271570239939,0.01617353778629715,0.016181781805374613
3.9453125,0.014958226288350552,0.014958985074006621,0.014965876605638183
3.984375,0.013834875719549824,0.013835646452904768,0.013841427565086353
4.0234375,0.012795833807909916,0.012796586867811856,0.012801594839705947
4.0625,0.011834780916001519,0.011835336980275049,0.011839924000800311
4.1015625,0.010945869985177504,0.010946377824254375,0.01095044147331968
4.140624999999999,0.010123691360086647,0.010124140373808871,0.010127784187378284
4.1796875,0.009363240207678012,0.009363497224531753,0.009366985801054353
4.21875,0.008659886342782334,0.008660025935821403,0.008663548702974784
4.2578125,0.008009346285460154,0.0080093467932397,0.00801284525493011
4.296875,0.007407657387573707,0.007407662171764547,0.007410857393328359
4.3359375,0.006851153877507761,0.0068510224805009325,0.006854187530643489
4.374999999999999,0.00633644468268011,0.006336033148547168,0.006339242611706396
4.4140625,0.005860392899483419,0.005859792112598061,0.005862981920398641
4.453125,0.005420096789629262,0.005419374343552181,0.005422490103300729
4.4921875,0.00501287219055924,0.005011995669819913,0.005015040003797545
4.53125,0.0046362362356882495,0.004635336858039541,0.004638239478939378
4.5703125,0.0042878922877841626,0.004286820660414697,0.004289677242103173
4.609374999999999,0.003965715995804229,0.003964379971512745,0.003967365587792912
4.6484375,0.0036677423920329,0.003666074530976979,0.0036692214671733034
4.6875,0.003392153952431301,0.0033902829792753202,0.0033933980565612966
4.7265625,0.003137269548744167,0.0031352196912761447,0.003138424397447693
4.765625,0.0029015342261457296,0.002899302509130583,0.0029026646025625182
4.8046875,0.002683509745066807,0.002681228072985628,0.002684561863336255
4.843749999999999,0.0024818658303580343,0.0024796176326305165,0.0024827772774074297
4.8828125,0.0022953720751316916,0.002293260818112276,0.002296089323565809
4.921875,0.0021228904505097954,0.002120945504458585,0.0021234228278875916
4.9609375,0.001963368376109404,0.001961556745302468,0.0019638139380062213
5.0,0.0018158323094380666,0.0018141465919648079,0.00181624416393579
5.0390625,0.001679381815470232,0.0016778690665396683,0.0016796558820941527
5.078124999999999,0.0015531840805474172,0.0015518647373153598,0.001553382601571567
5.117187499999999,0.0014364688374065365,0.0014353040462234243,0.001436564965756298
5.15625,0.0013285236706071643,0.0013275926510437769,0.0013285251340603849
5.1953125,0.0012286896739136172,0.0012279297526300262,0.0012285919062635206
5.234375,0.0011363574333046206,0.0011357889925065444,0.0011361639018859881
5.2734375,0.0010509633112441765,0.0010505134028069437,0.0010506598582459175
5.312499999999999,0.0009719860096631786,0.0009716628961746578,0.0009716063374166582
5.351562499999999,0.0008989433907830804,0.0008987967824671711,0.0008984401671362145
5.390625,0.0008313895364701484,0.0008314020498329585,0.0008308300588453373
5.4296875,0.0007689120282505695,0.0007690230955473675,0.0007682668518516877
5.46875,0.0007111294314515339,0.0007113631994498192,0.0007103495324426297
5.5078125,0.0006576889681690868,0.000657981299228508,0.0006568061220311724
5.546874999999999,0.0006082643649073231,0.0006086463914752473,0.0006073372276110725
5.585937499999999,0.0005625538617922335,0.0005630586153542213,0.000561635804539482
5.625,0.0005202783712434036,0.0005209388724514917,0.0005194209596734358
5.6640625,0.00048117977489362,0.0004819577776639736,0.0004804027313407796
5.703125,0.0004450193483856967,0.0004458833763971403,0.0004443062095521718
5.7421875,0.0004115763044525145,0.00041253022804860185,0.0004108701120818108
5.781249999999999,0.00038064644540489895,0.00038164455665684317,0.00037998360151560986
5.820312499999999,0.00035204091681698797,0.0003530439619162227,0.0003514108934426888
5.859375,0.00032558505481405903,0.0003265671335111681,0.0003249831594859512
5.8984375,0.0003011173199370854,0.0003020443054491286,0.0003005466270207785
5.9375,0.00027848831108505113,0.0002793750618453858,0.0002779487393965521
5.9765625,0.0002575598535233948,0.00025840360035739323,0.0002570521888274647
6.015624999999999,0.00023820415539781224,0.00023899496106894163,0.00023772759442203215
6.054687499999999,0.00022030302760976973,0.00022102653603140284,0.00021986066889174676
6.09375,0.00020374716229597307,0.00020443794047287655,0.000203327380312087
6.1328125,0.00018843546551100226,0.00018906806800143657,0.0001880650637720152
6.171875,0.00017427444004256747,0.00017485651069335052,0.00017391580198481126
6.210937499999999,0.0001611776145943345,0.0001617073229854984,0.00016083633407406193
6.249999999999999,0.00014906501585384857,0.00014956094191087728,0.00014876431421938634
6.289062499999999,0.0001378626802244966,0.00013832095007550025,0.0001376273224328444
6.328125,0.00012750220224225868,0.0001279006452958773,0.0001273392053809113
6.3671875,0.00011792031692165958,0.00011824489454031621,0.00011784547136458185
6.40625,0.00010905851348223175,0.00010933429433325195,0.00010908329711022618
6.445312499999999,0.00010086267809817769,0.00010108885749421793,0.00010099066304854175
6.484374999999999,9.32827634909277e-05,9.347658412240642e-05,9.34803619282744e-05
6.523437499999999,8.627248334802456e-05,8.642792192315468e-05,8.653238535968274e-05
6.5625,7.97890297032158e-05,7.989600798011651e-05,8.011254046949148e-05
6.6015625,7.379281155270559e-05,7.384611733437038e-05,7.416140907345261e-05
6.640625,6.82472131120869e-05,6.824194288940021e-05,6.866207577631918e-05
6.679687499999999,6.31183702383148e-05,6.30748344410823e-05,6.356630000795181e-05
6.718749999999999,5.837496365191738e-05,5.828904294579194e-05,5.885732036113676e-05
6.757812499999999,5.3988027697164446e-05,5.387832305808167e-05,5.449312960720527e-05
6.796875,4.993077347273658e-05,4.9803960345672794e-05,5.046351289236151e-05
6.8359375,4.617842525313459e-05,4.602905710500682e-05,4.6726208994616256e-05
6.875,4.270806920218914e-05,4.254762218118226e-05,4.3272584006372547e-05
6.914062499999999,3.9498513455053235e-05,3.9332504248170436e-05,4.0087987484849076e-05
6.953124999999999,3.6530158714448896e-05,3.6353010733618444e-05,3.7126686142955146e-05
6.992187499999999,3.378487857111739e-05,3.3606253491849375e-05,3.438038404741448e-05
7.03125,3.124590881778175e-05,3.105999984563739e-05,3.183910310859775e-05
7.0703125,2.8897745080826502e-05,2.869197163455532e-05,2.9492219030405922e-05
7.109375,2.6726048144676557e-05,2.649287359603687e-05,2.7322343190167643e-05
7.148437499999999,2.4717556390818337e-05,2.4464233686423946e-05,2.5311412664690056e-05
7.187499999999999,2.2860004816838546e-05,2.258798871835578e-05,2.343897434784079e-05
7.226562499999999,2.1142050141027003e-05,2.0848374833138748e-05,2.1707899230172855e-05
7.265625,1.9553201535242448e-05,1.9245943860498527e-05,2.0115162159132604e-05
7.3046875,1.8083756563102334e-05,1.7770142645843435e-05,1.863366408150049e-05
7.343749999999999,1.6724741932335868e-05,1.6410669470909702e-05,1.7267542694337625e-05
7.382812499999999,1.5467858699533852e-05,1.5158631218226682e-05,1.600167867547982e-05
7.421875,1.4305431592711813e-05,1.3996197593257485e-05,1.4830896901309212e-05
7.460937499999999,1.3230362142243768e-05,1.2921383590678739e-05,1.3746405161531864e-05
7.5,1.2236085333978091e-05,1.193010285912781e-05,1.2742287226655176e-05
7.539062499999999,1.1316529519851344e-05,1.1014710730213492e-05,1.18143653029125e-05
7.578125,1.046607934120495e-05,1.0160667251783942e-05,1.0950969766048833e-05
7.617187499999999,9.679541438406644e-06,9.376203837331272e-06,1.0158419556436114e-05
7.656249999999999,8.952112737388854e-06,8.65050731883418e-06,9.42032240836436e-06
7.6953125,8.279351119453413e-06,7.980550815054414e-06,8.731839316351371e-06
7.734374999999999,7.657148295241863e-06,7.358213710431167e-06,8.097938451232989e-06
7.7734375,7.081704717231092e-06,6.787711801385984e-06,7.5169721721507825e-06
7.812499999999999,6.549506377560697e-06,6.266417980531573e-06,6.985027944691446e-06
7.851562499999999,6.057303349510184e-06,5.790480843160162e-06,6.4985022480781365e-06
7.890625,5.602089941592416e-06,5.348205149816377e-06,6.051635257217434e-06
7.929687499999999,5.181086343075034e-06,4.940753573109055e-06,5.63534496119317e-06
7.96875,4.7917216488500196e-06,4.5629806667667225e-06,5.2454409153512e-06
8.007812499999998,4.431618159993421e-06,4.218577123235255e-06,4.8891819840709276e-06
8.046875,4.0985768641470855e-06,3.901212229151704e-06,4.558078581253233e-06
8.085937499999998,3.790564007058979e-06,3.609814421878715e-06,4.251397578370535e-06
8.125,3.5056986732811606e-06,3.3437803697673876e-06,3.968907091263548e-06
8.1640625,3.2422413001873353e-06,3.0963341991556147e-06,3.7061707897636303e-06
8.203125,2.9985830551703036e-06,2.868982764199328e-06,3.4643812346788958e-06
8.2421875,2.773236011151511e-06,2.656277160834027e-06,3.239397280959287e-06
8.281249999999998,2.56482406040893e-06,2.462128715616723e-06,3.032497760470724e-06
8.3203125,2.372074511238377e-06,2.285891505045841e-06,2.839863259916015e-06
8.359375,2.1938103161331174e-06,2.12256880524063e-06,2.66058776623126e-06
8.3984375,2.0289428840225136e-06,1.9695450256326524e-06,2.498122513563493e-06
8.4375,1.8764654326776201e-06,1.8289395084284931e-06,2.345116666335438e-06
8.476562499999998,1.7354468406896453e-06,1.6966768664816775e-06,2.2005078024926946e-06
8.515625,1.6050259614780765e-06,1.5776631752937088e-06,2.063922644769435e-06
8.554687499999998,1.4844063646066278e-06,1.4677814758915466e-06,1.9361775390917436e-06
8.59375,1.3728514722944318e-06,1.3693667239142252e-06,1.8157615572022522e-06
8.6328125,1.2696800614233596e-06,1.2769596456150997e-06,1.7015255854720255e-06
8.671875,1.1742621035739571e-06,1.1915285874896083e-06,1.592955800802163e-06
8.7109375,1.0860149176870272e-06,1.112312037104804e-06,1.4950615933588578e-06
8.749999999999998,1.0043996118566644e-06,1.0374362561289718e-06,1.4043849592975216e-06
8.7890625,9.289177925262698e-07,9.693307388347617e-07,1.319126022372332e-06
8.828125,8.591085209920248e-07,9.07277969956028e-07,1.241438995611808e-06
8.8671875,7.945454986283161e-07,8.481079426566092e-07,1.168858024563638e-06
8.90625,7.348344636465623e-07,7.94236231386806e-07,1.1020859251580323e-06
8.945312499999998,6.796107834904202e-07,7.441149084929945e-07,1.0401932781470131e-06
8.984375,6.285372281651319e-07,6.976846636099879e-07,9.830297587919262e-07
9.023437499999998,5.813019109036264e-07,6.56976809693278e-07,9.307267144329215e-07
9.0625,5.376163835938316e-07,6.211292875572169e-07,8.813830878393017e-07
9.1015625,4.972138753367776e-07,5.895773387379248e-07,8.375735632917088e-07
9.140625,4.5984766337898697e-07,5.594016932224777e-07,7.968789800544905e-07
9.1796875,4.2528956647116105e-07,5.326685106977967e-07,7.572979577055974e-07
9.218749999999998,3.933285514526478e-07,5.075156191533013e-07,7.21198534608665e-07
9.2578125,3.63769444552664e-07,4.835784400548595e-07,6.889645869393421e-07
9.296875,3.36431739538713e-07,4.6223106894145535e-07,6.611555765440691e-07
9.3359375,3.1114849543398424e-07,4.4196294029698584e-07,6.36851677109225e-07
9.375,2.877653170725714e-07,4.225681678296537e-07,6.150692914574726e-07
9.414062499999998,2.661394122671279e-07,4.0559501444232537e-07,5.935391441420497e-07
9.453125,2.461387198314587e-07,3.891164300356123e-07,5.734815839044771e-07
9.492187499999998,2.276411031332222e-07,3.7444231633139216e-07,5.566771696815072e-07
9.53125,2.1053360425207268e-07,3.624427719603741e-07,5.407325939845891e-07
9.5703125,1.947117541886946e-07,3.5297390220247305e-07,5.26797729349481e-07
9.609375,1.800789349124127e-07,3.4429452142622064e-07,5.145163559047737e-07
9.6484375,1.665457893516775e-07,3.3616094160365337e-07,5.035537630618398e-07
9.687499999999998,1.5402967572444816e-07,3.296789131414156e-07,4.945010103546122e-07
9.7265625,1.4245416287628125e-07,3.231297059129867e-07,4.864719148953346e-07
9.765625,1.3174856354435904e-07,3.170866955365537e-07,4.803598443914902e-07
9.8046875,1.2184750269726118e-07,3.1206303252813753e-07,4.7538319330001833e-07
9.84375,1.126905183145156e-07,3.068018933868072e-07,4.712636216090177e-07
9.882812499999998,1.0422169216803053e-07,3.026466890797413e-07,4.703408375096508e-07
9.921875,9.638930835073552e-08,2.996265353141216e-07,4.699831004829e-07
9.960937499999998,8.914553746719641e-08,2.967603686820793e-07,4.696732081503942e-07
